E7j-FtKapIg	How a landmark Supreme Court decision could redraw the future of elections | May 1, 2026
rH5VobRSEs8	A first-of-its-kind project brings iconic Disney songs to deaf fans | April 30, 2026
gFqzzOgaFlg	Can Taylor Swift protect her voice from A.I.? | April 29, 2026
xUfJ97bt2bw	The first person to complete a marathon in less than 2 hours | April 28, 2026
9xespps54bs	How one special LEGO set achieved a stratospheric world record | April 27, 2026
ZLY7DmkKvlg	An up-close look at the Arctic Circle's melting glaciers | April 24, 2026
2hdmE99N4vA	A centuries-old Shakespearean mystery—solved | April 23, 2026
wXwiAl12RC0	Conservationists and industry clash over krill trawling | April 22, 2026
F74R5P1RIOg	A creative new twist England's historic hunts | April 21, 2026
rD-gxpQpibA	CNN10 Special Edition: Exploring Careers in the Sports Industry
xCbIeb2GjAU	An A.I. voice will announce this school's 2026 graduates | April 17, 2026
29xqHxZ34zU	Meet the baby elephant making her National Zoo debut | April 16, 2026
ruQXLOKtv6s	The rich history behind Asia's largest water fight | April 15, 2026
A-9112klBsU	How video games could shape the next generation of air traffic controllers | April 14, 2026
oFKZo7qNr8M	Artemis II astronauts deliver powerful words after splashdown | April 13, 2026
E4bGGuV3EjY	Apple turns 50: How one company changed the way the world communicates | April 3, 2026
sm-TgzNjG5Q	Artemis II lifts off | April 2, 2026
AshXhCvkV8o	Fighting fire with ... sound waves? | April 1, 2026
774eUiaRAS8	How seaweed could help turn the tide on plastic pollution | March 31, 2026
qTbtfUGSLo8	Could "waste heat" be the key to solving an energy crisis?
Gi7za7gv-i0	Why the latest moon mission won't land on the lunar surface
Mh4pBINszWA	The landmark verdict that could reshape social media | March 27, 2026
FWUtYeSowM8	"The Dirty Dozen": How pesticides could be impacting your favorite fruits & veggies
pnCuOJGAxcg	Curators and Curiosity: The many careers that bring art museums to life | March 25, 2026
kebErf9YpLo	From Gift to Global Symbol: How Washington got its cherry blossoms | March 24, 2026
S7HEtdNZIzs	How Pokémon Go players helped train a new generation of robots | March 23, 2026
1C7yDKPhNz4	Why the World's Happiest Country was ranked first once again | March 20, 2026
6ggcQWOc7zo	Where hard to recycle materials get a second life
C0s6-duQwtY	Breaking down the new space race: a return to the moon | March 19, 2026
AmxoDIH6ddY	How this center keeps thousands of pounds of hazardous waste from landfills | March 18, 2026
gZoiJ5_ZvuI	The history behind Chicago's most famous St. Patrick's Day celebration | March 17, 2026
uRWpDNNfc6c	This technology could revolutionize how astronauts exercise in space | March 16, 2026
GGutStZIOpY	This group of students is using A.I. to help houseplants "talk"  | March 13, 2026
_tUbKV5blYk	Cuba's critical energy crisis, explained | March 12, 2026
0wUbUY6_r6Y	Could hibernation be the key to human deep-space travel? | March 11, 2026
VcVi86Jl3bY	The incredible story behind one of the most decorated Paralympians of all time | March 10, 2026
Lss7evYhcEI	The Iditarod begins: Mushers, sled dogs take off on 1,000-mile journey | March 9, 2026
0zgRw_o6688	From Revolution to War: The History Behind the Iran-Israel-U.S. Conflict | March 6, 2026
PPbWXwflHZ4	The true meaning of Holi: India's Festival of Colors | March 5, 2026
PHHPkqu-fQk	Meet the first paraplegic to receive a life changing brain implant | March 4, 2026
rEBK-iUpdhY	How one man accidentally hacked thousands of robot vacuums | March 3, 2026
lojCspTCpAA	U.S. and Israel carry out airstrikes on Iran | March 2, 2026
zb2UQFUtfao	CNN10 Special Edition: Could this innovative tech help curb an energy crisis? | February 27, 2026
5eCM_daxwPE	Could happiness be the key to winning Olympic gold? | February 26, 2026
nSm-y-8h3gw	A new problem throws four astronauts' impending moon journey into uncertainty
mI-sTcYa5_k	How does social media affect our brains? | February 25, 2026
sY6-68A1LoI	Why one beauty brand is winning over Gen-Z despite tariffs | February 24, 2026
blwjlzZiN6I	NASA's return to the moon hits a setback | February 23, 2026
SahhCrHxb8I	How Olympians are handling adversity on the world's biggest stage | February 20, 2026
fqd9lm78Y-4	This LEGO robotics competition is building future engineers one brick at a time | February 19, 2026
Y1P9BxsntEI	Honoring the life and legacy of Rev. Jesse Jackson | February 18, 2026
d7clvyRQIYo	Our guide to the 2026 Lunar New Year | February 17, 2026
_-qBAQ_UzbA	How this trailblazing group laid the blueprint for modern emergency medical services | Feb. 13, 2026
sxZe8zch-Z4	Why this Olympian says his banned helmet is bigger than sports | February 12, 2026
IrNAl6ys81Q	The behavioral breakthrough that's reshaping what we know about great apes | February 11, 2026
nPSxqD-zcgk	How this school sent more athletes to the Winter Olympics than some countries | February 10, 2026
qjO7QHT96ZE	Curling 101: Inside the Sport That's Sweeping Up New Fans | February 9, 2026
Ejg1IAp7tm8	How the NFL is leveling the playing field for the Super Bowl | February 6, 2026
HhpMW9ZsR1s	Why Pandas are unlike any other bear | February 5, 2026
UylE0Y-hAoc	A first-of-its-kind ban on ... hidden door handles? | February 4, 2026
LJmYkU1ha4c	A father-daughter duo makes Grammy history | February 3, 2026
e1zBfXelDks	Meet the inventor of the Super Soaker, whose next idea could help our warming planet | Feb. 2, 2026
O1k93ooOj7I	Could A.I. become part of your school's curriculum? | January 30, 2026
DINRqNZpyYw	How a "self-eating" spacecraft could make exploration more affordable | January 29, 2026
ze_NenNhocc	The tiny tech revolutionizing what we know about butterflies | January 28, 2026
zFJOiNyaonk	Another fatal shooting in Minneapolis | January 27, 2026
J9tIgwuKjBU	Alex Honnold climbs into the record books ... again | January 26, 2026
NamTFz2nvws	A bill to protect New York's beloved bodega cats? | January 23, 2026
ldV34pXrW4k	The remarkable story behind one of ping pong's biggest stars | January 22, 2026
A-hsezaaCJg	The behavioral breakthrough that's changing how we see cows | January 21, 2026
VoZnFAF0vRY	One high school's connection to the College Football National Championships | January 20, 2026
i_pl0tKJVTA	How scientists proved horses really can smell fear | January 16, 2026
2VwgNb1xC00	Meet the first wheelchair user to travel to space | January 15, 2026
6WXMsilLr9k	A medical marvel in Peru | January 14, 2026
zG7cK0Bl79U	Why does the U.S. want Greenland? | January 13, 2026
_64-RYdNiWQ	The discovery that could shed light on the origin of "dark matter" | January 12, 2026
FEIiejsy4kk	Why the U.S. Government is revising the food pyramid | January 9, 2026
VEbR10_f7RM	How a rural wrestling gym is forging Olympic dreams for Egyptian girls | January 8, 2026
0pcobNaS8bc	NASA's quest to repurpose man-made trash on the moon | January 7, 2026
WiZ86QrH79Y	The multi-million dollar tuna sold at 2026's first fish market sale | January 6, 2026
holTd7BeSf8	A stunning regime change in Venezuela | January 5, 2026
A6iCHZYeayw	The top stories of 2025, according to you! | December 19, 2025
BE46nArI5TA	The AI-tech behind your favorite Spotify feature | December 18, 2025
NgUn059FNvU	A sub-zero look at the world's coldest city | December 17, 2025
tBkVQN0--4o	How Japan is confronting its deadly bear crisis | December 16, 2025
cx-9rzm2cTY	This football rivalry is older than six US states | December 15, 2025
feXEPWQLgMg	Italian cuisine receives an unprecedented accolade | December 12, 2025
ZR0LPRDXVn0	How a distant war is hurting Finland's reindeer herds | December 11, 2025
NjouMumQM9Q	A first-of-its-kind social media ban for kids takes effect | December 10, 2025
WSKGqkjLtd4	The robots piecing together Pompeii's past | December 9, 2025
8PXY6ddqe7s	Meet Nebraska's First Kid Governor | December 8, 2025
cULxja-rur8	The body language expert making an impact on pro sports | December 5, 2025
fAWK0DWXc7U	How a spider-shaped robot could revolutionize home building | December 4, 2025
cMoRDhJIx08	College students return to campus in Gaza | December 3, 2025
_Fu4tYdZpQU	Can you train yourself to sleep on demand? | December 2, 2025
FN0efV73zNE	A satellite delivers new photos in record-breaking time | December 1, 2025
vAqD4gXeB-Q	School Spotlight: When a New York City Ferry is your School Bus | November 26, 2025
l25jPQFBj1M	Video Games and the Brain | November 21, 2025
EKO1Oi5Ul7Q	The group recording the entire history of the internet | November 20, 2025
LFRQEkusv4U	The science behind fall's brilliant colors | November 19, 2025
Sc9EOyh5t1c	The world's top YouTuber opens a theme park in Saudi Arabia | November 18, 2025
vfQLkTiFFMo	Blue Origin launches satellites bound for Mars | November 17, 2025
guUtdZcvgkg	The science behind why we sweat | November 14, 2025
3y9gxDyV-Q4	CNN10 Special Edition: The Future of AVs: Self-Driving Cars Explained | November 13, 2025
bdkW5AX1_aQ	Why "flying cars" are closer to reality than you think | November 12, 2025
Bt8d9iZaWq8	How astronauts pulled off the first zero-gravity barbecue
xCjjvrpWFvY	National Toy Hall of Fame announces its newest inductees | November 10, 2025
IBs50qUJ1GU	Can you learn to control your dreams? | November 7, 2025
LiWPxASff8Q	A musician plays the clarinet during her own brain surgery | November 6, 2025
b01ieAxRjE4	The world's largest archaeological museum opens in Egypt | November 5, 2025
z1VZWCArVRo	The courageous fight to save Albania's endangered sharks | November 4, 2025
swgQBJ4gaNA	A secret tunnel beneath the heart of Rome | November 3, 2025
4QKER9M60Bw	The centuries-old fashion inspiring Halloween's hottest costumes | October 31, 2025
450tO9z2mP0	The high school connecting students with the sea | October 30, 2025
IdGMgDn72JI	Hurricane Melissa makes landfall as "storm of the century" | October 29, 2025
I5MZzKwydwU	What's behind your clothing's 'made in Guatemala' label | October 28, 2025
7aHjAm9bgOY	The invasive species threatening Lake Erie's shipwrecks | October 27, 2025
Wu6B1O-cPQE	A ballet legend takes her final bow | October 24, 2025
1j8cPO9xqIw	How a groundbreaking study led to an allergy breakthrough | October 23, 2025
-r-59I0evBI	The outage that brought the internet to a grinding halt | October 22, 2025
1wusXSh8JH8	A high-profile heist at the world's most famous museum | October 21, 2025
iZXMpPTAX8s	Meet the therapy dogs helping first responders fight wildfires | October 20, 2025
OEDLq60HPeI	Can this Peanut Butter and Jelly sandwich be trademarked? | October 17, 2025
EWOYfCIMwzs	Why this museum claims to be the safest place for art during a fire | October 16, 2025
pmFXpq7F0G0	All Israeli Hostages freed, Palestinian prisoners released | October 15, 2025
Gd64pkWKjHs	How many chemicals are you being exposed to every day? | October 14, 2025
dPt2I2UZUK0	Your "10 out of 10" moments! | October 10, 2025
FNbMP_0YEQs	How student chefs are reimagining school lunch | October 9, 2025
0kST8nevyt4	Restoring the Everglades' Natural Flow | October 8, 2025
_XbT1jW3Wxo	One year since dire wolves were "brought back" from extinction | October 7, 2025
wI_CPLYTlfU	The AI "actress" drawing Hollywood backlash | October 6, 2025
ESe5bQLkEqQ	The woman who revolutionized our understanding of animals | October 3, 2025
Y_H3uLWfUOE	Why you should care about a government shutdown | October 2, 2025
SmgjrHmOha8	Could humans be 400,000 years older than we thought? | October 1, 2025
OegVSnma3hs	How Botswana is celebrating historic victories | September 30, 2025
oHMnOh3sI9A	World's tallest bridge opens in China | September 29, 2025
9TEIGobEPBQ	The return of "Fat Bear Week" | September 26, 2025
VKh4wQroKe8	The NFL star working to combat childhood illiteracy | September 25, 2025
7eoKTXwVqIo	NASA unveils its next generation of Astronauts | September 24, 2025
JIG9nwZ3ebc	Asia prepares for the most powerful storm of 2025 | September 23, 2025
gPnrSloKpAo	Inside the WNBA's historic push for fair pay | September 22, 2025
NuzV4rsydMw	Countdown to the Autumnal Equinox | September 19, 2025
iVfkEZ9zSfQ	President Trump's historic state visit to the UK | September 18, 2025
Llm6pPkVFkQ	How doctors used a patient's tooth to save his vision | September 17, 2025
UR7rAQY_ORE	Death of Charlie Kirk: Can tragedy lead to a path for healthier conversations? | September 16, 2025
UB_FHhvVOqk	How Puerto Rico's biggest star is boosting the island's economy | September 16, 2025
BQnxU_aAkTg	After 100 years, the school bus gets a 21st century makeover | September 15, 2025
DDrU7ARZENQ	Gen Z-led protests oust Nepal's prime minister | September 12, 2025
hP_06ScHpfk	Remembering 9/11: 24 years later | September 11, 2025
Rlb5Mw0ntYI	Israel orders evacuation of Gaza's largest city | September 10, 2025
o1_5slUiiVM	How drones are changing the face of combat | September 9, 2025
PPdIBgA4ecM	New landmarks added to UNESCO's world heritage sites | September 08, 2025
tc4vUFFzEms	Wildfires destroy a historic goldrush town | September 5, 2025
CR8WuDnfGCQ	Why rare Auroras are easier to see this week | September 4, 2025
s5TPWw-PycI	Children in Ukraine head back to school underground | September 3, 2025
KJ3a8PZsQT0	Devastating earthquake strikes Afghanistan | September 2, 2025
fQCNXgwr054	CNN10 Special Edition: August 29, 2025
kqXIz6bD-GQ	SpaceX makes a major breakthrough | August 28, 2025
FXS7pScq6UA	How this massive dust storm swallowed parts of a city | August 27, 2025
jM4twLJT8zI	Fossil hunting in the Badlands | August 26, 2025
1hW5zyszQAU	Rare deep-sea creatures find livestream fame | August 25, 2025
2oMTXbUKrQk	This group is fighting to bring back the night sky | August 22, 2025
RR8f9y00SgM	How A.I. may decide what you're allowed to watch on YouTube | August 21, 2025
6WInhNHCyVE	The Fictitious girl group who just claimed Billboard's top spot | August 20, 2025
hrbLPYXgjQY	Why perfectly good Happy Meals are littering the streets of Japan | August 19, 2025
GtsOW27d1oY	The complex road to peace in Ukraine | August 18, 2025
EmzXnu8aU4U	Kim Jong Un's Powerful Sister | August 15, 2025
18MZbLoN4XU	Watch this before applying to college | August 14, 2025
bQ0YY4eTSTg	How A.I. is being used by police departments | August 13, 2025
-dceUjHLj_4	11-year-old becomes youngest American to summit Matterhorn | August 12, 2025
CDIZt9bdWL4	The latest woman to change sports history | August 11, 2025
xar5zHCeloo	Why a beloved toy store was forced to close | August 8, 2025
0KDZSXqNr8E	CNN10 Special Edition: The Role of the Monarchy, The Role of the Crown | August 7, 2025
9pt5TJsPQZg	Gifford Fire becomes largest California wildfire this year | August 6, 2025
9zlAsce70NU	What happens if an asteroid hits the moon? | August 5, 2025
zSRaaFlyzy0	Back to School: The biggest news stories you may have missed this summer | August 4, 2025
wpXbO7cVmUE	A very special Summer Shoutout | August 1, 2025
o0sanpC3NOc	Why Scientists want to smell Ancient Egyptian mummies | July 25, 2025
rPoFc1c4XXY	Why teens are struggling to find jobs this summer | July 18, 2025
lA8rRgNP72o	Catastrophic Texas Floods | July 11, 2025
tPc5snx12BI	The decision to pay college athletes | July 4, 2025
FF4fg_gVKUw	This is your brain on ChatGPT | June 27, 2025
RmvPJL_8iJY	What we know— and don't know— about Iran's nuclear program | June 20, 2025
ciN4eHFPMVE	Divisive Los Angeles protests: What do you think?
di6D7ysT_I8	How fish skin saved this child's life | June 6, 2025
qJKnx5-9XdM	Visa delays could leave international students in limbo | May 30, 2025
IZOJs01t4QA	A visit to "The Land of Enchantment" | May 23, 2025
3EN2jEu4OGo	The science behind tornado formation | May 22, 2025
_hwjmL0Fsmw	How a TikTok star learned dozens of languages | May 21, 2025
sNsUJJ4G2-w	Teaching girls to skateboard in Gaza | May 20, 2025
oUK375kPSfA	She survived 24 days in the Sierra Nevada wilderness | May 19, 2025
ZYnw9DL6DSc	Ending homelessness in California | May 16, 2025
7_AW1wNKbbs	Welcome to the Kremlin's blogger school | May 15, 2025
IAbVA-gNb7U	The future of organ transplants | May 14, 2025
-UFdZIXW9K8	An Upgrade for Air Force One? | May 13, 2025
_tIdpLD18xM	Are A.I. Chatbots developing personalities? | May 12, 2025
QIPUxA6Z-HM	The First American Pope | May 9, 2025
FRhIhF4X1f0	How the T. Rex walked from Asia to North America | May 8, 2025
nPV7ImqgAXg	Why is Fluoride in our Water? | May 7, 2025
RLtMMB1NQGU	A staffing shortage for our eyes in the sky | May 6, 2025
yJdbPaeG_no	A remote village in Brazil gets Internet access | May 5, 2025
dSQvv2DapV0	Why manatees are starving in Florida | May 2, 2025
l3WwrwYBHZE	How to grow food in space | May 1, 2025
CtY93zrxAfY	Canada elects a new Prime Minister | April 30, 2025
2_dHyyTbNro	Unsafe lead exposure in public schools | April 29, 2025
-OLEvN2UCns	Millennials' Money Tips for Gen Z | April 28, 2025
FVK5oBKaLK0	The role of government on college campuses | April 25, 2025
fsRtslIiMhg	FDA to "phase out" food dyes in these snacks | April 24, 2025
EcIJaIl-P6s	A Turtle Rescue In Maui | April 23, 2025
oldQ1WOwFDY	World Mourns Pope Francis | April 22, 2025
TxdkDN2P3bY	A Look At A Solar Storm | April 21, 2025
i-IzDfsvA9k	DNA Science Resurrects Extinct Species | April 10, 2025
xp2Cv52i-t4	Training Self-Driving Cars | March 26, 2025
